id,passwd,Belong,name,state
2001,q123456,Q,何浩,0
2002,q123456,Q,段云,0
2003,q123456,Q,杨华,0
2004,q123456,Q,黄凯,0
2005,q123456,Q,唐桂荣,0
2006,q123456,Q,柴淑华,0
2007,q123456,Q,颜秀云,0
2008,q123456,Q,孙伟,0
2009,q123456,Q,韦建军,0
2010,q123456,Q,吴林,0
2011,q123456,Q,邵秀芳,0
2012,q123456,Q,袁兵,0
2013,q123456,Q,李小红,0
2014,q123456,Q,周文,0
2015,q123456,Q,马慧,0
2016,q123456,Q,杨桂兰,0
2017,q123456,Q,王玉华,0
2018,q123456,Q,蔡鹏,0
2019,q123456,Q,刘柳,0
2020,q123456,Q,钟淑华,0
2021,q123456,Q,黄勇,0
2022,q123456,Q,赖淑兰,0
2023,q123456,Q,董艳,0
2024,q123456,Q,陶斌,0
2025,q123456,Q,严婷,0
2026,q123456,Q,史丹丹,0
2027,q123456,Q,赵秀荣,0
2028,q123456,Q,黄玉,0
2029,q123456,Q,马杨,0
2030,q123456,Q,吴秀英,0
2031,q123456,Q,陈玲,0
2032,q123456,Q,黄艳,0
2033,q123456,Q,赵荣,0
2034,q123456,Q,方秀芳,0
2035,q123456,Q,胡波,0
2036,q123456,Q,张婷婷,0
2037,q123456,Q,钟雷,0
2038,q123456,Q,罗坤,0
2039,q123456,Q,曾玉珍,0
2040,q123456,Q,周颖,0
2041,q123456,Q,贾璐,0
2042,q123456,Q,杨荣,0
2043,q123456,Q,姚丽丽,0
2044,q123456,Q,卢洋,0
2045,q123456,Q,王丽,0
2046,q123456,Q,黄飞,0
2047,q123456,Q,惠冬梅,0
2048,q123456,Q,郭燕,0
2049,q123456,Q,刘鑫,0
2050,q123456,Q,冯凤英,0
